$db->exec("INSERT INTO Voyage(nomv,pays,villev,logement,pension,duree, nomto, urlto) VALUES ('Visite Amerique Latine','Argentine','Rosario','hotel','demi-pension','15', 'Jet Tour', 'www.jettours.com');");
$db->exec("INSERT INTO Voyage(nomv,pays,villev,logement,pension,duree, nomto, urlto) VALUES ('Argentine caliente','Argentine','Buenos Aires','tipi','pension complete','7', 'Jet Tour', 'www.jettours.com');");
$db->exec("INSERT INTO Voyage(nomv,pays,villev,logement,pension,duree, nomto, urlto) VALUES ('Ile de beauté','France','Bonifacio','cabane','sans pension',15, 'ThomasCook', 'www.thomascook.fr');");
$db->exec("INSERT INTO Voyage(nomv,pays,villev,logement,pension,duree, nomto, urlto) VALUES ('Bienvenue au pays des kangourous','Australie','Sidney','location','demi-pension',25, 'ThomasCook', 'www.thomascook.fr');");
$db->exec("INSERT INTO Voyage(nomv,pays,villev,logement,pension,duree, nomto, urlto) VALUES ('Au coeur des traditions','Mongolie','Oulan-Bator','yourte','sans pension',8, 'Fram', 'www.fram.fr');");
$db->exec("INSERT INTO Voyage(nomv,pays,villev,logement,pension,duree, nomto, urlto) VALUES ('Voyage oriental','Vietnam','Hanoï','hotel','pension complète',16, 'Tui', 'www.tui.fr');");
$db->exec("INSERT INTO Voyage(nomv,pays,villev,logement,pension,duree, nomto, urlto) VALUES ('Grand froid','Islande','Reykjavik','igloo','pension complète',8, 'Fram', 'www.fram.fr');");
$db->exec("INSERT INTO Voyage(nomv,pays,villev,logement,pension,duree, nomto, urlto) VALUES ('Madagascar','Madagascar','Antananarivo','cabane','pension complète',7, 'Tui', 'www.tui.fr');");

$db->exec("INSERT INTO Client(nomc,prenomc,email) VALUES ('Loiseau','Quentin','quentin.loiseau@wanadoo.fr');");
$db->exec("INSERT INTO Client(nomc,prenomc,email) VALUES ('Raison','Tristan','raison_tristan@wanadoo.fr');");
$db->exec("INSERT INTO Client(nomc,prenomc,email) VALUES ('Laval','Elsa','elsa.elsa@yahoo.fr');");
$db->exec("INSERT INTO Client(nomc,prenomc,email) VALUES ('Ochoa','Jorge','jorge.ochoa@yahoo.fr');");
$db->exec("INSERT INTO Client(nomc,prenomc,email) VALUES ('Miranda','Carlos','car.mir@wanadoo.fr');");
$db->exec("INSERT INTO Client(nomc,prenomc,email) VALUES ('Delecourt','Simon','simondele@wanadoo.fr');");
$db->exec("INSERT INTO Client(nomc,prenomc,email) VALUES ('Bagot','Louis','louis.bagot@wanadoo.fr');");
$db->exec("INSERT INTO Client(nomc,prenomc,email) VALUES ('Fragnaud','Cédric','cedric.fragnaud@gmail.fr');");
$db->exec("INSERT INTO Client(nomc,prenomc,email) VALUES ('Lefrançois','Léa','lea.lefrancois@gmail.fr');");
$db->exec("INSERT INTO Client(nomc,prenomc,email) VALUES ('Rohart','Elodie','rohart.elodie@gmail.fr');");
$db->exec("INSERT INTO Client(nomc,prenomc,email) VALUES ('Moriceau','Clara','clara.moriceau@gmail.fr');");

$db->exec("INSERT INTO Contenir(nomc,prenomc, num) VALUES ('Delecourt','Simon',1);");
$db->exec("INSERT INTO Contenir(nomc,prenomc, num) VALUES ('Delecourt','Simon',2);");
$db->exec("INSERT INTO Contenir(nomc,prenomc, num) VALUES ('Delecourt','Simon',3);");
$db->exec("INSERT INTO Contenir(nomc,prenomc, num) VALUES ('Raison','Tristan', 4);");
$db->exec("INSERT INTO Contenir(nomc,prenomc, num) VALUES ('Laval','Elsa', 4);");
$db->exec("INSERT INTO Contenir(nomc,prenomc, num) VALUES ('Lefrançois','Léa', 4);");
$db->exec("INSERT INTO Contenir(nomc,prenomc, num) VALUES ('Fragnaud','Cédric',5);");
$db->exec("INSERT INTO Contenir(nomc,prenomc, num) VALUES ('Bagot','Louis', 6);");
$db->exec("INSERT INTO Contenir(nomc,prenomc, num) VALUES ('Loiseau','Quentin', 6);");
$db->exec("INSERT INTO Contenir(nomc,prenomc, num) VALUES ('Rohart','Elodie', 7);");
$db->exec("INSERT INTO Contenir(nomc,prenomc, num) VALUES ('Lefrançois','Léa', 8);");
$db->exec("INSERT INTO Contenir(nomc,prenomc, num) VALUES ('Fragnaud','Cédric',9);");
$db->exec("INSERT INTO Contenir(nomc,prenomc, num) VALUES ('Fragnaud','Cédric',10);");
$db->exec("INSERT INTO Contenir(nomc,prenomc, num) VALUES ('Bagot','Louis', 10);");
$db->exec("INSERT INTO Contenir(nomc,prenomc, num) VALUES ('Loiseau','Quentin', 11);");
$db->exec("INSERT INTO Contenir(nomc,prenomc, num) VALUES ('Raison','Tristan', 12);");
$db->exec("INSERT INTO Contenir(nomc,prenomc, num) VALUES ('Laval','Elsa', 13);");
$db->exec("INSERT INTO Contenir(nomc,prenomc, num) VALUES ('Moriceau','Clara', 13);");

$db->exec("INSERT INTO Reservation(num, prix, dated, datef, transport, nomco, prenomco, nomv, nomc, prenomc) VALUES (1,1500,'2015-05-12','2015-05-27','avion','Dupont','Eva','Visite Amerique Latine','Delecourt','Simon');");
$db->exec("INSERT INTO Reservation(num, prix, dated, datef, transport, nomco, prenomco, nomv, nomc, prenomc) VALUES (2,3000,'2010-06-01','2010-06-06','avion','Dupont','Eva','Canada Authentique','Delecourt','Simon');");
$db->exec("INSERT INTO Reservation(num, prix, dated, datef, transport, nomco, prenomco, nomv, nomc, prenomc) VALUES (3,700,'2018-01-01','2018-01-06','train','Vasanthan','Vinduja','Venise Romantique','Delecourt','Simon');");
$db->exec("INSERT INTO Reservation(num, prix, dated, datef, transport, nomco, prenomco, nomv, nomc, prenomc) VALUES (4,1200,'2017-07-01','2017-07-06','avion','Vasanthan','Vinduja','Canada Authentique','Lefrançois','Léa');");
$db->exec("INSERT INTO Reservation(num, prix, dated, datef, transport, nomco, prenomco, nomv, nomc, prenomc) VALUES (5,1100,'1999-10-02','1999-10-07','avion','Vasanthan','Vinduja','Canada Authentique','Fragnaud','Cédric');");
$db->exec("INSERT INTO Reservation(num, prix, dated, datef, transport, nomco, prenomco, nomv, nomc, prenomc) VALUES (6,2450,'2013-04-10','2013-04-22','train','Couret','Laura','Virée montagnarde','Bagot','Louis');");
$db->exec("INSERT INTO Reservation(num, prix, dated, datef, transport, nomco, prenomco, nomv, nomc, prenomc) VALUES (7,640,'2011-09-14','2011-09-16','train','Couret','Laura','Londres City','Rohart','Elodie');");
$db->exec("INSERT INTO Reservation(num, prix, dated, datef, transport, nomco, prenomco, nomv, nomc, prenomc) VALUES (8,1000,'2014-03-01','2014-03-31','avion','Couret','Laura','Farniente','Lefrançois','Léa');");
$db->exec("INSERT INTO Reservation(num, prix, dated, datef, transport, nomco, prenomco, nomv, nomc, prenomc) VALUES (9,590,'2007-02-13','2007-02-15','train','Dupont','Eva','Londres City','Fragnaud','Cédric');");
$db->exec("INSERT INTO Reservation(num, prix, dated, datef, transport, nomco, prenomco, nomv, nomc, prenomc) VALUES (10,710,'2000-12-2','2000-12-12','avion','Larrenie','Pierre','Découverte du désert','Bagot','Louis');");
$db->exec("INSERT INTO Reservation(num, prix, dated, datef, transport, nomco, prenomco, nomv, nomc, prenomc) VALUES (11,1950,'2003-10-5','2003-10-20','bateau','Larrenie','Pierre','Ile de beauté','Loiseau','Quentin');");
$db->exec("INSERT INTO Reservation(num, prix, dated, datef, transport, nomco, prenomco, nomv, nomc, prenomc) VALUES (12,1430,'2003-10-5','2003-10-13','avion','Larrenie','Pierre','Au coeur des traditions','Raison','Tristan');");
$db->exec("INSERT INTO Reservation(num, prix, dated, datef, transport, nomco, prenomco, nomv, nomc, prenomc) VALUES (13,3600,'2018-02-05','2018-02-30','avion','Couret','Laura','Bienvenue au pays des kangourous','Laval','Elsa');");
